Workbook

Sheet Inventory Tracker
A1: Item ID | B1: Item Name | C1: Category | D1: Department | E1: Current Stock | F1: Reorder Level | G1: Reorder Quantity | H1: Unit | I1: Supplier | J1: Stock Status | K1: Recommended Action
A2: ITM001 | B2: Notebook | C2: Stationery | D2: Office Supplies | E2: 120 | F2: 25 | G2: 10 | H2: pcs | I2: Local Supplier | J2: =IF(E2<=F2,"REORDER","IN STOCK") | K2: =IF(E2<=F2,"Order "&G2&" "&H2,"No action needed")
A3: ITM002 | B3: Blue Pen | C3: Stationery | D3: Office Supplies | E3: 45 | F3: 15 | G3: 20 | H3: pcs | I3: Local Supplier | J3: =IF(E3<=F3,"REORDER","IN STOCK") | K3: =IF(E3<=F3,"Order "&G3&" "&H3,"No action needed")
A4: ITM003 | B4: A4 Paper Pack | C4: Paper | D4: Office Supplies | E4: 18 | F4: 10 | G4: 25 | H4: packs | I4: Paper World | J4: =IF(E4<=F4,"REORDER","IN STOCK") | K4: =IF(E4<=F4,"Order "&G4&" "&H4,"No action needed")
A5: ITM004 | B5: Stapler | C5: Stationery | D5: Office Supplies | E5: 8 | F5: 5 | G5: 12 | H5: pcs | I5: Office Mart | J5: =IF(E5<=F5,"REORDER","IN STOCK") | K5: =IF(E5<=F5,"Order "&G5&" "&H5,"No action needed")
A6: ITM005 | B6: USB Drive 32GB | C6: Electronics | D6: IT Accessories | E6: 6 | F6: 10 | G6: 18 | H6: pcs | I6: Tech Supplier | J6: =IF(E6<=F6,"REORDER","IN STOCK") | K6: =IF(E6<=F6,"Order "&G6&" "&H6,"No action needed")
A7: ITM006 | B7: Wireless Mouse | C7: Electronics | D7: IT Accessories | E7: 22 | F7: 8 | G7: 15 | H7: pcs | I7: Tech Supplier | J7: =IF(E7<=F7,"REORDER","IN STOCK") | K7: =IF(E7<=F7,"Order "&G7&" "&H7,"No action needed")
A8: ITM007 | B8: Keyboard | C8: Electronics | D8: IT Accessories | E8: 7 | F8: 10 | G8: 20 | H8: pcs | I8: Tech Supplier | J8: =IF(E8<=F8,"REORDER","IN STOCK") | K8: =IF(E8<=F8,"Order "&G8&" "&H8,"No action needed")
A9: ITM008 | B9: HDMI Cable | C9: Electronics | D9: IT Accessories | E9: 14 | F9: 6 | G9: 10 | H9: pcs | I9: Tech Supplier | J9: =IF(E9<=F9,"REORDER","IN STOCK") | K9: =IF(E9<=F9,"Order "&G9&" "&H9,"No action needed")
A10: ITM009 | B10: Cleaning Liquid | C10: Cleaning | D10: Facilities | E10: 4 | F10: 8 | G10: 10 | H10: bottles | I10: CleanCare | J10: =IF(E10<=F10,"REORDER","IN STOCK") | K10: =IF(E10<=F10,"Order "&G10&" "&H10,"No action needed")
A11: ITM010 | B11: Tissue Box | C11: Cleaning | D11: Facilities | E11: 35 | F11: 12 | G11: 8 | H11: boxes | I11: CleanCare | J11: =IF(E11<=F11,"REORDER","IN STOCK") | K11: =IF(E11<=F11,"Order "&G11&" "&H11,"No action needed")
A12: ITM011 | B12: Coffee Powder | C12: Pantry | D12: Pantry | E12: 9 | F12: 10 | G12: 14 | H12: packs | I12: Fresh Foods | J12: =IF(E12<=F12,"REORDER","IN STOCK") | K12: =IF(E12<=F12,"Order "&G12&" "&H12,"No action needed")
A13: ITM012 | B13: Sugar Pack | C13: Pantry | D13: Pantry | E13: 28 | F13: 10 | G13: 10 | H13: packs | I13: Fresh Foods | J13: =IF(E13<=F13,"REORDER","IN STOCK") | K13: =IF(E13<=F13,"Order "&G13&" "&H13,"No action needed")
... A16: ITM015 | B16: Hand Sanitizer | C16: Cleaning | D16: Facilities | E16: 11 | F16: 8 | G16: 10 | H16: bottles | I16: CleanCare | J16: =IF(E16<=F16,"REORDER","IN STOCK") | K16: =IF(E16<=F16,"Order "&G16&" "&H16,"No action needed")

Sheet Low-Stock Report
A1: Item ID | B1: Item Name | C1: Category | D1: Current Stock | E1: Reorder Level | F1: Reorder Quantity | G1: Unit | H1: Supplier | I1: Stock Status
A2: =IFERROR(INDEX('Inventory Tracker'!A$2:A$16,AGGREGATE(15,6,(ROW('Inventory Tracker'!$E$2:$E$16)-ROW('Inventory Tracker'!$E$2)+1)/('Inventory Tracker'!$E$2:$E$16<='Inventory Tracker'!$F$2:$F$16),ROWS($A$2:A2))),"") | B2: =IF($A2="","",INDEX('Inventory Tracker'!$B$2:$B$16,MATCH($A2,'Inventory Tracker'!$A$2:$A$16,0))) | C2: =IF($A2="","",INDEX('Inventory Tracker'!$C$2:$C$16,MATCH($A2,'Inventory Tracker'!$A$2:$A$16,0))) | D2: =IF($A2="","",INDEX('Inventory Tracker'!$E$2:$E$16,MATCH($A2,'Inventory Tracker'!$A$2:$A$16,0))) | E2: =IF($A2="","",INDEX('Inventory Tracker'!$F$2:$F$16,MATCH($A2,'Inventory Tracker'!$A$2:$A$16,0))) | F2: =IF($A2="","",INDEX('Inventory Tracker'!$G$2:$G$16,MATCH($A2,'Inventory Tracker'!$A$2:$A$16,0))) | G2: =IF($A2="","",INDEX('Inventory Tracker'!$H$2:$H$16,MATCH($A2,'Inventory Tracker'!$A$2:$A$16,0))) | H2: =IF($A2="","",INDEX('Inventory Tracker'!$I$2:$I$16,MATCH($A2,'Inventory Tracker'!$A$2:$A$16,0))) | I2: =IF($A2="","",INDEX('Inventory Tracker'!$J$2:$J$16,MATCH($A2,'Inventory Tracker'!$A$2:$A$16,0)))
A3: =IFERROR(INDEX('Inventory Tracker'!A$2:A$16,AGGREGATE(15,6,(ROW('Inventory Tracker'!$E$2:$E$16)-ROW('Inventory Tracker'!$E$2)+1)/('Inventory Tracker'!$E$2:$E$16<='Inventory Tracker'!$F$2:$F$16),ROWS($A$2:A3))),"") | B3: =IF($A3="","",INDEX('Inventory Tracker'!$B$2:$B$16,MATCH($A3,'Inventory Tracker'!$A$2:$A$16,0))) | C3: =IF($A3="","",INDEX('Inventory Tracker'!$C$2:$C$16,MATCH($A3,'Inventory Tracker'!$A$2:$A$16,0))) | D3: =IF($A3="","",INDEX('Inventory Tracker'!$E$2:$E$16,MATCH($A3,'Inventory Tracker'!$A$2:$A$16,0))) | E3: =IF($A3="","",INDEX('Inventory Tracker'!$F$2:$F$16,MATCH($A3,'Inventory Tracker'!$A$2:$A$16,0))) | F3: =IF($A3="","",INDEX('Inventory Tracker'!$G$2:$G$16,MATCH($A3,'Inventory Tracker'!$A$2:$A$16,0))) | G3: =IF($A3="","",INDEX('Inventory Tracker'!$H$2:$H$16,MATCH($A3,'Inventory Tracker'!$A$2:$A$16,0))) | H3: =IF($A3="","",INDEX('Inventory Tracker'!$I$2:$I$16,MATCH($A3,'Inventory Tracker'!$A$2:$A$16,0))) | I3: =IF($A3="","",INDEX('Inventory Tracker'!$J$2:$J$16,MATCH($A3,'Inventory Tracker'!$A$2:$A$16,0)))
A4: =IFERROR(INDEX('Inventory Tracker'!A$2:A$16,AGGREGATE(15,6,(ROW('Inventory Tracker'!$E$2:$E$16)-ROW('Inventory Tracker'!$E$2)+1)/('Inventory Tracker'!$E$2:$E$16<='Inventory Tracker'!$F$2:$F$16),ROWS($A$2:A4))),"") | B4: =IF($A4="","",INDEX('Inventory Tracker'!$B$2:$B$16,MATCH($A4,'Inventory Tracker'!$A$2:$A$16,0))) | C4: =IF($A4="","",INDEX('Inventory Tracker'!$C$2:$C$16,MATCH($A4,'Inventory Tracker'!$A$2:$A$16,0))) | D4: =IF($A4="","",INDEX('Inventory Tracker'!$E$2:$E$16,MATCH($A4,'Inventory Tracker'!$A$2:$A$16,0))) | E4: =IF($A4="","",INDEX('Inventory Tracker'!$F$2:$F$16,MATCH($A4,'Inventory Tracker'!$A$2:$A$16,0))) | F4: =IF($A4="","",INDEX('Inventory Tracker'!$G$2:$G$16,MATCH($A4,'Inventory Tracker'!$A$2:$A$16,0))) | G4: =IF($A4="","",INDEX('Inventory Tracker'!$H$2:$H$16,MATCH($A4,'Inventory Tracker'!$A$2:$A$16,0))) | H4: =IF($A4="","",INDEX('Inventory Tracker'!$I$2:$I$16,MATCH($A4,'Inventory Tracker'!$A$2:$A$16,0))) | I4: =IF($A4="","",INDEX('Inventory Tracker'!$J$2:$J$16,MATCH($A4,'Inventory Tracker'!$A$2:$A$16,0)))
A5: =IFERROR(INDEX('Inventory Tracker'!A$2:A$16,AGGREGATE(15,6,(ROW('Inventory Tracker'!$E$2:$E$16)-ROW('Inventory Tracker'!$E$2)+1)/('Inventory Tracker'!$E$2:$E$16<='Inventory Tracker'!$F$2:$F$16),ROWS($A$2:A5))),"") | B5: =IF($A5="","",INDEX('Inventory Tracker'!$B$2:$B$16,MATCH($A5,'Inventory Tracker'!$A$2:$A$16,0))) | C5: =IF($A5="","",INDEX('Inventory Tracker'!$C$2:$C$16,MATCH($A5,'Inventory Tracker'!$A$2:$A$16,0))) | D5: =IF($A5="","",INDEX('Inventory Tracker'!$E$2:$E$16,MATCH($A5,'Inventory Tracker'!$A$2:$A$16,0))) | E5: =IF($A5="","",INDEX('Inventory Tracker'!$F$2:$F$16,MATCH($A5,'Inventory Tracker'!$A$2:$A$16,0))) | F5: =IF($A5="","",INDEX('Inventory Tracker'!$G$2:$G$16,MATCH($A5,'Inventory Tracker'!$A$2:$A$16,0))) | G5: =IF($A5="","",INDEX('Inventory Tracker'!$H$2:$H$16,MATCH($A5,'Inventory Tracker'!$A$2:$A$16,0))) | H5: =IF($A5="","",INDEX('Inventory Tracker'!$I$2:$I$16,MATCH($A5,'Inventory Tracker'!$A$2:$A$16,0))) | I5: =IF($A5="","",INDEX('Inventory Tracker'!$J$2:$J$16,MATCH($A5,'Inventory Tracker'!$A$2:$A$16,0)))
A6: =IFERROR(INDEX('Inventory Tracker'!A$2:A$16,AGGREGATE(15,6,(ROW('Inventory Tracker'!$E$2:$E$16)-ROW('Inventory Tracker'!$E$2)+1)/('Inventory Tracker'!$E$2:$E$16<='Inventory Tracker'!$F$2:$F$16),ROWS($A$2:A6))),"") | B6: =IF($A6="","",INDEX('Inventory Tracker'!$B$2:$B$16,MATCH($A6,'Inventory Tracker'!$A$2:$A$16,0))) | C6: =IF($A6="","",INDEX('Inventory Tracker'!$C$2:$C$16,MATCH($A6,'Inventory Tracker'!$A$2:$A$16,0))) | D6: =IF($A6="","",INDEX('Inventory Tracker'!$E$2:$E$16,MATCH($A6,'Inventory Tracker'!$A$2:$A$16,0))) | E6: =IF($A6="","",INDEX('Inventory Tracker'!$F$2:$F$16,MATCH($A6,'Inventory Tracker'!$A$2:$A$16,0))) | F6: =IF($A6="","",INDEX('Inventory Tracker'!$G$2:$G$16,MATCH($A6,'Inventory Tracker'!$A$2:$A$16,0))) | G6: =IF($A6="","",INDEX('Inventory Tracker'!$H$2:$H$16,MATCH($A6,'Inventory Tracker'!$A$2:$A$16,0))) | H6: =IF($A6="","",INDEX('Inventory Tracker'!$I$2:$I$16,MATCH($A6,'Inventory Tracker'!$A$2:$A$16,0))) | I6: =IF($A6="","",INDEX('Inventory Tracker'!$J$2:$J$16,MATCH($A6,'Inventory Tracker'!$A$2:$A$16,0)))
A7: =IFERROR(INDEX('Inventory Tracker'!A$2:A$16,AGGREGATE(15,6,(ROW('Inventory Tracker'!$E$2:$E$16)-ROW('Inventory Tracker'!$E$2)+1)/('Inventory Tracker'!$E$2:$E$16<='Inventory Tracker'!$F$2:$F$16),ROWS($A$2:A7))),"") | B7: =IF($A7="","",INDEX('Inventory Tracker'!$B$2:$B$16,MATCH($A7,'Inventory Tracker'!$A$2:$A$16,0))) | C7: =IF($A7="","",INDEX('Inventory Tracker'!$C$2:$C$16,MATCH($A7,'Inventory Tracker'!$A$2:$A$16,0))) | D7: =IF($A7="","",INDEX('Inventory Tracker'!$E$2:$E$16,MATCH($A7,'Inventory Tracker'!$A$2:$A$16,0))) | E7: =IF($A7="","",INDEX('Inventory Tracker'!$F$2:$F$16,MATCH($A7,'Inventory Tracker'!$A$2:$A$16,0))) | F7: =IF($A7="","",INDEX('Inventory Tracker'!$G$2:$G$16,MATCH($A7,'Inventory Tracker'!$A$2:$A$16,0))) | G7: =IF($A7="","",INDEX('Inventory Tracker'!$H$2:$H$16,MATCH($A7,'Inventory Tracker'!$A$2:$A$16,0))) | H7: =IF($A7="","",INDEX('Inventory Tracker'!$I$2:$I$16,MATCH($A7,'Inventory Tracker'!$A$2:$A$16,0))) | I7: =IF($A7="","",INDEX('Inventory Tracker'!$J$2:$J$16,MATCH($A7,'Inventory Tracker'!$A$2:$A$16,0)))
A8: =IFERROR(INDEX('Inventory Tracker'!A$2:A$16,AGGREGATE(15,6,(ROW('Inventory Tracker'!$E$2:$E$16)-ROW('Inventory Tracker'!$E$2)+1)/('Inventory Tracker'!$E$2:$E$16<='Inventory Tracker'!$F$2:$F$16),ROWS($A$2:A8))),"") | B8: =IF($A8="","",INDEX('Inventory Tracker'!$B$2:$B$16,MATCH($A8,'Inventory Tracker'!$A$2:$A$16,0))) | C8: =IF($A8="","",INDEX('Inventory Tracker'!$C$2:$C$16,MATCH($A8,'Inventory Tracker'!$A$2:$A$16,0))) | D8: =IF($A8="","",INDEX('Inventory Tracker'!$E$2:$E$16,MATCH($A8,'Inventory Tracker'!$A$2:$A$16,0))) | E8: =IF($A8="","",INDEX('Inventory Tracker'!$F$2:$F$16,MATCH($A8,'Inventory Tracker'!$A$2:$A$16,0))) | F8: =IF($A8="","",INDEX('Inventory Tracker'!$G$2:$G$16,MATCH($A8,'Inventory Tracker'!$A$2:$A$16,0))) | G8: =IF($A8="","",INDEX('Inventory Tracker'!$H$2:$H$16,MATCH($A8,'Inventory Tracker'!$A$2:$A$16,0))) | H8: =IF($A8="","",INDEX('Inventory Tracker'!$I$2:$I$16,MATCH($A8,'Inventory Tracker'!$A$2:$A$16,0))) | I8: =IF($A8="","",INDEX('Inventory Tracker'!$J$2:$J$16,MATCH($A8,'Inventory Tracker'!$A$2:$A$16,0)))
A9: =IFERROR(INDEX('Inventory Tracker'!A$2:A$16,AGGREGATE(15,6,(ROW('Inventory Tracker'!$E$2:$E$16)-ROW('Inventory Tracker'!$E$2)+1)/('Inventory Tracker'!$E$2:$E$16<='Inventory Tracker'!$F$2:$F$16),ROWS($A$2:A9))),"") | B9: =IF($A9="","",INDEX('Inventory Tracker'!$B$2:$B$16,MATCH($A9,'Inventory Tracker'!$A$2:$A$16,0))) | C9: =IF($A9="","",INDEX('Inventory Tracker'!$C$2:$C$16,MATCH($A9,'Inventory Tracker'!$A$2:$A$16,0))) | D9: =IF($A9="","",INDEX('Inventory Tracker'!$E$2:$E$16,MATCH($A9,'Inventory Tracker'!$A$2:$A$16,0))) | E9: =IF($A9="","",INDEX('Inventory Tracker'!$F$2:$F$16,MATCH($A9,'Inventory Tracker'!$A$2:$A$16,0))) | F9: =IF($A9="","",INDEX('Inventory Tracker'!$G$2:$G$16,MATCH($A9,'Inventory Tracker'!$A$2:$A$16,0))) | G9: =IF($A9="","",INDEX('Inventory Tracker'!$H$2:$H$16,MATCH($A9,'Inventory Tracker'!$A$2:$A$16,0))) | H9: =IF($A9="","",INDEX('Inventory Tracker'!$I$2:$I$16,MATCH($A9,'Inventory Tracker'!$A$2:$A$16,0))) | I9: =IF($A9="","",INDEX('Inventory Tracker'!$J$2:$J$16,MATCH($A9,'Inventory Tracker'!$A$2:$A$16,0)))
A10: =IFERROR(INDEX('Inventory Tracker'!A$2:A$16,AGGREGATE(15,6,(ROW('Inventory Tracker'!$E$2:$E$16)-ROW('Inventory Tracker'!$E$2)+1)/('Inventory Tracker'!$E$2:$E$16<='Inventory Tracker'!$F$2:$F$16),ROWS($A$2:A10))),"") | B10: =IF($A10="","",INDEX('Inventory Tracker'!$B$2:$B$16,MATCH($A10,'Inventory Tracker'!$A$2:$A$16,0))) | C10: =IF($A10="","",INDEX('Inventory Tracker'!$C$2:$C$16,MATCH($A10,'Inventory Tracker'!$A$2:$A$16,0))) | D10: =IF($A10="","",INDEX('Inventory Tracker'!$E$2:$E$16,MATCH($A10,'Inventory Tracker'!$A$2:$A$16,0))) | E10: =IF($A10="","",INDEX('Inventory Tracker'!$F$2:$F$16,MATCH($A10,'Inventory Tracker'!$A$2:$A$16,0))) | F10: =IF($A10="","",INDEX('Inventory Tracker'!$G$2:$G$16,MATCH($A10,'Inventory Tracker'!$A$2:$A$16,0))) | G10: =IF($A10="","",INDEX('Inventory Tracker'!$H$2:$H$16,MATCH($A10,'Inventory Tracker'!$A$2:$A$16,0))) | H10: =IF($A10="","",INDEX('Inventory Tracker'!$I$2:$I$16,MATCH($A10,'Inventory Tracker'!$A$2:$A$16,0))) | I10: =IF($A10="","",INDEX('Inventory Tracker'!$J$2:$J$16,MATCH($A10,'Inventory Tracker'!$A$2:$A$16,0)))
A11: =IFERROR(INDEX('Inventory Tracker'!A$2:A$16,AGGREGATE(15,6,(ROW('Inventory Tracker'!$E$2:$E$16)-ROW('Inventory Tracker'!$E$2)+1)/('Inventory Tracker'!$E$2:$E$16<='Inventory Tracker'!$F$2:$F$16),ROWS($A$2:A11))),"") | B11: =IF($A11="","",INDEX('Inventory Tracker'!$B$2:$B$16,MATCH($A11,'Inventory Tracker'!$A$2:$A$16,0))) | C11: =IF($A11="","",INDEX('Inventory Tracker'!$C$2:$C$16,MATCH($A11,'Inventory Tracker'!$A$2:$A$16,0))) | D11: =IF($A11="","",INDEX('Inventory Tracker'!$E$2:$E$16,MATCH($A11,'Inventory Tracker'!$A$2:$A$16,0))) | E11: =IF($A11="","",INDEX('Inventory Tracker'!$F$2:$F$16,MATCH($A11,'Inventory Tracker'!$A$2:$A$16,0))) | F11: =IF($A11="","",INDEX('Inventory Tracker'!$G$2:$G$16,MATCH($A11,'Inventory Tracker'!$A$2:$A$16,0))) | G11: =IF($A11="","",INDEX('Inventory Tracker'!$H$2:$H$16,MATCH($A11,'Inventory Tracker'!$A$2:$A$16,0))) | H11: =IF($A11="","",INDEX('Inventory Tracker'!$I$2:$I$16,MATCH($A11,'Inventory Tracker'!$A$2:$A$16,0))) | I11: =IF($A11="","",INDEX('Inventory Tracker'!$J$2:$J$16,MATCH($A11,'Inventory Tracker'!$A$2:$A$16,0)))
A12: =IFERROR(INDEX('Inventory Tracker'!A$2:A$16,AGGREGATE(15,6,(ROW('Inventory Tracker'!$E$2:$E$16)-ROW('Inventory Tracker'!$E$2)+1)/('Inventory Tracker'!$E$2:$E$16<='Inventory Tracker'!$F$2:$F$16),ROWS($A$2:A12))),"") | B12: =IF($A12="","",INDEX('Inventory Tracker'!$B$2:$B$16,MATCH($A12,'Inventory Tracker'!$A$2:$A$16,0))) | C12: =IF($A12="","",INDEX('Inventory Tracker'!$C$2:$C$16,MATCH($A12,'Inventory Tracker'!$A$2:$A$16,0))) | D12: =IF($A12="","",INDEX('Inventory Tracker'!$E$2:$E$16,MATCH($A12,'Inventory Tracker'!$A$2:$A$16,0))) | E12: =IF($A12="","",INDEX('Inventory Tracker'!$F$2:$F$16,MATCH($A12,'Inventory Tracker'!$A$2:$A$16,0))) | F12: =IF($A12="","",INDEX('Inventory Tracker'!$G$2:$G$16,MATCH($A12,'Inventory Tracker'!$A$2:$A$16,0))) | G12: =IF($A12="","",INDEX('Inventory Tracker'!$H$2:$H$16,MATCH($A12,'Inventory Tracker'!$A$2:$A$16,0))) | H12: =IF($A12="","",INDEX('Inventory Tracker'!$I$2:$I$16,MATCH($A12,'Inventory Tracker'!$A$2:$A$16,0))) | I12: =IF($A12="","",INDEX('Inventory Tracker'!$J$2:$J$16,MATCH($A12,'Inventory Tracker'!$A$2:$A$16,0)))
A13: =IFERROR(INDEX('Inventory Tracker'!A$2:A$16,AGGREGATE(15,6,(ROW('Inventory Tracker'!$E$2:$E$16)-ROW('Inventory Tracker'!$E$2)+1)/('Inventory Tracker'!$E$2:$E$16<='Inventory Tracker'!$F$2:$F$16),ROWS($A$2:A13))),"") | B13: =IF($A13="","",INDEX('Inventory Tracker'!$B$2:$B$16,MATCH($A13,'Inventory Tracker'!$A$2:$A$16,0))) | C13: =IF($A13="","",INDEX('Inventory Tracker'!$C$2:$C$16,MATCH($A13,'Inventory Tracker'!$A$2:$A$16,0))) | D13: =IF($A13="","",INDEX('Inventory Tracker'!$E$2:$E$16,MATCH($A13,'Inventory Tracker'!$A$2:$A$16,0))) | E13: =IF($A13="","",INDEX('Inventory Tracker'!$F$2:$F$16,MATCH($A13,'Inventory Tracker'!$A$2:$A$16,0))) | F13: =IF($A13="","",INDEX('Inventory Tracker'!$G$2:$G$16,MATCH($A13,'Inventory Tracker'!$A$2:$A$16,0))) | G13: =IF($A13="","",INDEX('Inventory Tracker'!$H$2:$H$16,MATCH($A13,'Inventory Tracker'!$A$2:$A$16,0))) | H13: =IF($A13="","",INDEX('Inventory Tracker'!$I$2:$I$16,MATCH($A13,'Inventory Tracker'!$A$2:$A$16,0))) | I13: =IF($A13="","",INDEX('Inventory Tracker'!$J$2:$J$16,MATCH($A13,'Inventory Tracker'!$A$2:$A$16,0)))
... A16: =IFERROR(INDEX('Inventory Tracker'!A$2:A$16,AGGREGATE(15,6,(ROW('Inventory Tracker'!$E$2:$E$16)-ROW('Inventory Tracker'!$E$2)+1)/('Inventory Tracker'!$E$2:$E$16<='Inventory Tracker'!$F$2:$F$16),ROWS($A$2:A16))),"") | B16: =IF($A16="","",INDEX('Inventory Tracker'!$B$2:$B$16,MATCH($A16,'Inventory Tracker'!$A$2:$A$16,0))) | C16: =IF($A16="","",INDEX('Inventory Tracker'!$C$2:$C$16,MATCH($A16,'Inventory Tracker'!$A$2:$A$16,0))) | D16: =IF($A16="","",INDEX('Inventory Tracker'!$E$2:$E$16,MATCH($A16,'Inventory Tracker'!$A$2:$A$16,0))) | E16: =IF($A16="","",INDEX('Inventory Tracker'!$F$2:$F$16,MATCH($A16,'Inventory Tracker'!$A$2:$A$16,0))) | F16: =IF($A16="","",INDEX('Inventory Tracker'!$G$2:$G$16,MATCH($A16,'Inventory Tracker'!$A$2:$A$16,0))) | G16: =IF($A16="","",INDEX('Inventory Tracker'!$H$2:$H$16,MATCH($A16,'Inventory Tracker'!$A$2:$A$16,0))) | H16: =IF($A16="","",INDEX('Inventory Tracker'!$I$2:$I$16,MATCH($A16,'Inventory Tracker'!$A$2:$A$16,0))) | I16: =IF($A16="","",INDEX('Inventory Tracker'!$J$2:$J$16,MATCH($A16,'Inventory Tracker'!$A$2:$A$16,0)))

Sheet Summary
A1: Metric | B1: Value
A2: Total unique items | B2: =COUNTA('Inventory Tracker'!A2:A16)
A3: Items requiring reorder | B3: =COUNTIF('Inventory Tracker'!J2:J16,"REORDER")
A4: Items in stock | B4: =COUNTIF('Inventory Tracker'!J2:J16,"IN STOCK")
A5: Total units in current stock | B5: =SUM('Inventory Tracker'!E2:E16)
A6: Items at or below reorder level | B6: =COUNTIF('Inventory Tracker'!J2:J16,"REORDER")
A8: How to use
A9: Update Current Stock and Reorder Level in the Inventory Tracker sheet.
A10: Stock Status and Recommended Action update from the IF formulas.
A11: Items marked REORDER should be highlighted and checked with the supplier.
